Number,age,sex,length,dropped,height,weight,smoke,drink,hypertension,diabetes,time,胫骨前肌,拇背伸肌肌力,疼痛,感觉障碍,椎间盘退化,segment,是否脱出/游离,狭窄分级,MSU分级,MSU分区,椎管骨性直径,椎管最小直径,椎管面积,JOA,NRS/VAS,BMI
1325659,36,1,-15.53,1,164,62,0,0,0,0,0,4,3,1,1,4,0,0,5,3,2,16.37,7.59,76.1,16,5,23.05
14982516,59,0,-1.92,1,167,70,0,1,0,0,1,4,3,1,1,3,0,1,2,2,2,14.16,11.77,169.08,17,3,25.1
13419354,48,0,-1.71,1,163,65,0,0,1,0,1,5,0,1,1,4,0,1,4,3,1,17.13,6.08,89.1,8,1,24.46
1145248,64,0,-1.48,1,172,70,0,0,1,0,1,3,1,1,1,4,0,0,8,2,3,16.83,7.81,75.79,15,2,23.66
14647966,66,1,-1.06,1,164,70,0,0,1,0,1,3,3,1,1,3,1,0,6,2,1,14.52,1.4,77.84,15,3,26.03
848714,60,1,-1.03,1,169,73,0,0,0,0,1,3,2,1,1,4,1,0,5,2,1,17.07,11.68,118.47,15,3,25.56
14431640,70,1,-0.56,1,156,50,0,0,0,0,0,3,3,1,1,4,0,0,1,2,2,20.19,13.83,183.2,15,7,20.55
5398659,57,0,-0.48,1,166,60,1,1,1,0,1,4,3,1,1,3,0,0,1,1,2,18.47,9.71,178.98,16,7,21.77
802698,54,1,0.49,1,161,63,0,0,1,1,1,3,3,1,1,5,1,0,6,3,1,17.11,8.87,81,16,3,24.3
1870055,64,0,0.72,1,161,62,0,0,0,0,0,4,3,1,1,4,0,0,2,2,1,18.08,9.67,144.47,16,4,23.92
13072390,47,0,0.75,0,166,68,0,0,0,0,1,5,5,1,1,4,0,0,5,2,1,22.84,10.9,164.01,16,1,24.68
1584869,47,0,1.08,1,166,65,0,0,0,0,0,3,5,1,1,4,0,1,5,3,1,21.58,9.04,145.43,10,1,23.59
13860405,69,0,1.49,1,165,68,0,0,0,0,0,4,3,1,1,4,0,0,6,2,1,20.1,10.78,172.12,15,4,24.98
1570909,50,0,1.57,1,170,70,1,0,0,0,0,5,4,1,1,4,0,0,6,2,1,17.22,9.51,102.06,11,2,24.22
2193485,66,0,1.61,1,166,72,1,1,0,0,0,4,3,1,1,4,0,0,6,3,1,18.34,9.31,74.73,15,3,26.13
12923465,56,1,1.72,1,165,58,0,0,0,1,0,5,3,1,1,4,1,1,3,2,2,19.14,9.98,169.96,12,7,21.3
1092518,57,1,1.75,0,175,55,0,0,1,0,0,5,5,1,0,4,0,1,5,2,1,18.11,8.94,126.52,18,7,17.96
13595897,58,0,1.79,0,165,65,0,0,0,0,1,5,5,1,1,3,0,0,6,2,1,15.39,7.84,83.02,15,2,23.88
1576338,56,0,1.84,1,166,68,0,1,0,0,1,3,2,1,1,3,0,1,3,2,1,16.71,8.56,82.1,16,2,24.68
14822079,49,0,1.89,0,169,69,0,0,0,0,1,5,5,1,1,4,0,0,6,2,1,18.82,10,107.81,15,2,24.16
1347704,55,0,1.91,1,165,64,0,1,0,0,1,5,1,1,1,4,1,1,6,3,1,15.53,7.16,58.14,11,1,23.51
14169461,42,0,1.92,0,175,72,1,0,0,0,1,5,5,1,1,3,0,0,5,2,1,18.75,11.24,116.98,9,0,23.51
13880339,60,0,1.94,1,170,69,0,1,1,0,1,3,3,1,1,5,0,1,6,3,1,18.19,8.04,129.36,12,6,23.88
13182469,23,0,1.95,0,173,82,0,0,0,0,1,5,5,1,0,3,1,0,5,1,1,19.31,10.78,122.03,19,1,27.4
1939672,60,1,1.98,0,163,62,0,0,0,0,0,5,5,1,1,4,0,0,5,1,1,15.76,7.35,123.73,18,2,23.34
15199847,64,0,2.03,1,173,71,0,0,1,0,1,3,1,1,1,4,0,0,8,2,3,16.76,7.58,77.23,15,2,23.72
1339604,68,1,2.04,1,162,66,0,0,0,0,1,3,2,1,1,4,1,0,6,2,1,16.71,6.05,74.85,15,4,25.15
2579508,49,0,2.05,0,183,88,0,0,0,0,1,5,5,1,1,3,0,1,5,3,1,17.76,10.16,115.36,14,4,26.28
14407791,45,0,2.06,0,168,65,0,0,0,0,1,5,5,1,1,4,0,0,5,2,1,16.73,10.45,133.82,15,1,23.03
13231310,53,0,2.13,0,169,79,0,0,0,0,0,5,4,1,1,3,1,1,6,2,1,19.21,11.68,96.08,19,3,27.66
2394263,72,1,2.21,1,160,74,0,0,1,0,1,3,3,1,1,4,1,0,6,2,1,18.53,6.86,67.3,13,5,28.91
14725204,66,1,2.23,1,150,55,0,0,0,0,0,1,1,1,1,4,1,0,2,2,2,16.5,11.73,96.84,18,2,24.44
2060271,54,0,2.27,1,171,70,0,1,1,0,1,4,3,1,1,4,0,1,2,2,1,19.5,7.8,129.68,17,4,23.94
3363232,59,1,2.35,0,155,61,0,0,0,0,1,5,5,1,1,4,0,0,8,2,3,16.58,8.38,74.25,20,3,25.39
14009010,56,0,2.35,1,168,68,0,1,1,0,1,3,3,1,1,4,0,1,3,2,1,16.72,5.79,133.58,16,3,24.09
15430938,66,0,2.49,1,165,62,0,1,0,0,1,4,3,1,1,3,0,0,2,2,2,18.2,10.91,158.09,16,5,22.77
1894230,56,0,2.6,1,169,73,0,0,1,0,1,3,2,1,1,4,0,1,6,3,1,18.58,5.44,94.18,11,3,25.56
2301346,49,1,2.61,1,166,68,0,0,1,0,0,4,2,1,1,5,0,1,6,2,1,18.59,5.56,92.41,15,4,24.68
15216216,59,0,2.65,1,167,71,0,1,0,0,1,4,3,1,1,4,0,1,2,1,1,17.5,13,99.19,18,3,25.46
13819252,65,1,2.71,0,161,56,0,0,0,0,1,5,5,1,1,4,0,1,6,2,1,16.33,7.54,66.72,19,4,21.6
13539813,52,1,2.76,0,164,63,0,0,0,0,1,5,5,1,1,3,0,0,2,1,1,21.05,12.11,137.67,17,1,23.42
13736021,63,0,2.76,1,170,73,0,0,1,0,1,4,3,1,1,3,1,0,5,2,1,16.28,10.99,83.27,15,2,25.26
2055196,64,0,2.78,1,171,76,1,0,0,0,0,4,3,1,1,4,0,0,6,2,1,16.81,8.08,75.44,15,2,25.99
449910,50,0,2.79,0,163,60,0,0,0,0,1,5,5,1,1,3,0,1,3,2,1,19.55,8.99,198.77,15,6,22.58
2181062,54,0,2.79,1,167,75,0,0,0,0,1,4,2,1,1,3,0,1,2,3,1,18.31,8.34,117.75,13,2,26.89
15210398,71,1,2.81,0,155,60,0,1,0,0,0,5,5,1,1,4,0,0,6,2,2,19.81,7.4,62.77,20,2,24.97
707417,51,0,2.84,1,165,70,0,0,1,0,1,3,1,1,1,3,0,1,6,3,1,16.84,2.77,38.28,12,2,25.71
14399263,43,0,2.85,0,167,61,1,0,0,0,0,5,5,1,1,4,0,0,5,2,1,14.52,9.47,61.8,10,2,21.87
1892567,57,1,2.88,1,164,64,0,0,0,0,0,3,2,1,1,4,0,0,7,3,1,15.83,8.07,66.79,15,4,23.8
14657041,63,0,2.9,1,166,66,0,0,0,0,0,4,3,1,1,4,0,0,3,2,1,18.08,10.2,122.71,15,3,23.95
4814949,82,0,2.91,1,165,70,0,0,1,0,0,4,2,1,1,4,0,0,5,2,1,16.51,8.68,101.61,15,2,25.71
1601159,45,0,2.95,1,174,75,0,0,0,0,0,0,0,1,1,4,0,0,8,3,3,17.26,6.3,53.45,13,6,24.77
2162615,66,0,3.04,1,171,73,1,0,0,0,1,4,3,1,1,3,0,0,5,3,1,15.46,7.56,80.24,15,2,24.96
14776106,60,0,3.07,1,169,72,0,0,0,0,1,3,1,1,1,4,0,0,7,1,2,18.47,4.2,37.49,15,4,25.21
13864867,38,0,3.08,1,170,70,0,0,0,0,0,5,2,1,1,5,0,1,6,3,1,16.48,4.65,74.45,12,0,24.22
14502744,66,1,3.14,1,158,55,0,0,0,0,0,2,2,1,0,3,1,1,2,2,1,19.06,10.23,159.45,18,3,22.03
2866020,36,0,3.18,0,180,85,0,0,0,0,1,5,5,1,1,3,0,1,6,2,1,17.4,4.08,69.99,10,2,26.23
3555190,56,1,3.18,1,162,62,0,0,1,0,1,4,3,1,1,3,1,0,6,2,1,16.53,9.65,68.93,16,3,23.62
463550,74,1,3.2,1,163,66,0,0,0,0,1,3,3,1,1,4,1,0,6,3,1,16.15,5.39,80.5,17,3,24.84
3058762,53,1,3.3,0,160,65,0,0,1,1,1,5,5,1,1,3,0,0,5,2,1,22.15,12.56,140.76,12,2,25.39
13263996,40,0,3.3,0,169,68,0,0,0,0,1,5,5,1,1,3,0,0,6,2,1,14.14,9.01,71.14,15,2,23.81
1184193,53,1,3.33,0,166,56,0,0,0,0,0,5,5,1,1,4,0,1,2,2,2,20.88,10,180.16,17,4,20.32
14884583,56,1,3.52,0,158,61,0,0,0,0,1,5,5,1,1,4,0,0,5,1,0,14.7,10.77,124.92,20,2,24.44
2584730,53,0,3.52,0,174,68,0,0,1,0,1,5,5,1,1,4,0,1,5,2,1,18.4,11.58,143.54,14,3,22.46
1938248,67,1,3.57,1,163,71,0,0,0,0,1,3,1,1,1,4,1,0,6,2,1,20.66,4.6,96.04,15,4,26.72
2082213,63,0,3.58,1,172,75,1,1,0,0,1,4,2,1,1,4,0,0,5,2,2,18.1,7.31,106.9,15,3,25.35
13909219,46,0,3.63,1,167,70,1,0,1,0,0,0,5,0,1,3,1,1,3,2,0,18.73,9.62,135.24,16,1,25.1
3828619,67,1,3.63,1,168,71,0,0,0,0,1,3,2,1,1,5,1,0,6,2,1,20.52,10.6,63.99,16,3,25.16
1314622,67,0,3.69,1,163,65,0,0,0,0,0,5,3,1,1,5,0,0,5,2,1,20.08,12.44,122.34,16,3,24.46
13119391,54,0,3.70 ,0,164,62,0,0,0,0,1,5,5,1,1,3,0,0,3,2,2,18.8,7.84,112.56,15,2,23.05
1885764,55,0,3.73,1,168,58,1,1,0,0,1,0,0,1,1,3,1,0,2,1,2,18.85,9.82,102.24,15,1,20.55
1600344,50,1,3.74,1,153,60,0,0,1,0,0,0,0,1,1,4,0,1,6,2,1,14.89,6.88,70.04,11,2,25.63
547352,24,1,3.79,1,162,57,0,0,0,0,1,4,4,1,1,5,0,1,6,3,1,20.26,8.12,69.02,14,2,21.72
2275375,59,1,3.82,0,172,60,0,0,1,0,1,5,5,1,1,4,0,1,5,2,1,18.73,11.27,134.79,16,4,20.28
1150364,52,0,3.83,1,168,69,0,1,0,0,1,5,3,1,1,4,0,1,0,2,1,20.23,8.99,141.06,17,4,24.45
4629323,66,0,3.84,0,158,53,0,0,1,1,1,5,5,1,1,3,0,0,4,2,1,17.18,7.52,89.95,18,2,21.23
12952281,57,1,3.86,1,165,70,0,1,1,1,0,5,3,1,1,5,0,1,5,2,1,17.63,9,80.83,17,8,25.71
18948,49,1,3.91,1,160,61,0,0,0,0,0,5,4,1,0,5,0,0,2,2,1,18.45,12.87,166.43,17,2,23.83
14614354,53,1,3.97,0,168,65,0,0,0,1,1,5,5,1,1,4,0,0,6,3,1,20.49,7.78,100.63,17,2,23.03
14503136,61,0,3.97,1,96,68,0,0,1,0,1,5,3,1,1,4,1,1,6,2,1,16.5,8.58,66.85,17,2,73.78
2000037,54,0,3.97,1,172,65,0,1,1,0,0,4,3,1,1,4,1,1,3,2,2,16.21,12.27,135.3,12,6,21.97
1402041,61,1,3.97,1,-166,64,0,0,1,0,1,5,4,1,1,4,1,1,6,2,1,14.15,8.89,123.73,16,2,23.23
1878949,60,0,3.98,1,170,75,1,1,0,0,0,3,3,1,1,4,0,0,5,2,1,18.43,5.72,101.15,13,6,25.95
2974325,62,0,4,0,170,78,0,0,1,0,1,5,5,1,1,4,0,1,5,2,1,18.01,7.84,57.21,14,0,26.99
747290,35,0,4.03,0,170,58,0,0,0,0,1,5,5,1,1,3,0,0,2,1,2,19.03,10.64,127.71,11,2,20.07
1224578,77,1,4.06,1,159,64,0,0,1,0,1,3,3,1,1,5,1,0,7,3,1,12.91,1.13,4.84,17,4,25.32
13982390,67,0,4.07,0,162,70,0,0,0,0,1,5,5,1,1,4,0,1,5,3,1,15.92,5.35,75.35,17,3,26.67
13414339,57,0,4.09,0,169,69,0,0,0,0,1,5,5,1,1,4,0,0,2,2,1,18.29,15,159.33,18,0,24.16
1469870,53,0,4.1,1,170,72,0,1,0,0,1,4,3,1,1,4,0,1,2,2,1,18.31,12.64,140.78,17,3,24.91
543283,56,0,4.2,1,172,98,1,0,1,0,0,2,0,1,1,4,0,1,6,3,1,15.73,5.59,88.35,12,5,33.13
13555792,37,0,4.23,0,166,66,0,0,0,0,1,5,5,1,1,4,0,0,6,2,2,18.2,10.66,96.97,15,2,23.95
13691698,60,1,4.25,0,163,63,0,0,0,0,1,5,5,1,1,4,0,0,5,1,1,15.21,9.02,110.94,18,2,23.71
758387,44,1,4.25,1,167,65,0,0,1,0,0,4,3,1,1,4,0,1,2,2,1,19,9.19,130.97,15,4,23.31
3885244,47,0,4.29,0,156,60,0,0,0,0,1,5,5,1,1,3,0,0,6,2,1,15.53,7.66,63,15,5,24.65
14484064,57,1,4.32,0,158,53,0,0,1,1,1,5,5,1,1,4,0,0,6,2,0,17.23,6.57,67.09,17,2,21.23
3613888,53,0,4.33,0,167,70,0,0,0,0,1,5,5,1,1,4,1,0,2,2,1,16,10.47,140.09,15,5,25.1
28431,62,1,4.35,0,152,49,0,0,0,0,1,5,5,1,0,4,0,1,6,2,1,12.32,6.42,79.17,20,3,21.21
14283635,65,0,4.36,1,164,71,0,0,1,0,1,3,3,1,1,3,1,0,7,2,1,12.99,3.42,25.64,16,3,26.4
2003612,76,0,4.38,0,158,70,1,0,1,0,1,5,5,1,1,4,1,0,6,2,1,17.31,6.06,84.8,18,6,28.04
4473760,63,0,4.39,1,95,67,0,0,1,0,1,5,3,1,1,4,1,1,6,2,1,15.96,6.96,116.85,16,2,74.24
1205264,71,1,4.4,1,155,60,0,0,0,1,0,0,0,1,0,5,1,0,7,3,1,16.64,4.63,37.33,18,6,24.97
5097995,52,0,4.46,0,165,66,0,0,0,0,1,5,5,1,1,3,0,0,5,2,2,15.76,9.9,90.19,15,2,24.24
784594,66,0,4.46,1,169,71,0,1,0,0,1,4,2,1,1,3,0,0,5,2,2,15.56,12.46,107.37,17,2,24.86
13536550,39,0,4.5,0,171,69,0,0,0,0,1,5,5,1,1,4,0,0,2,2,1,24.18,14.28,256.31,16,1,23.6
2275375,50,0,4.55,0,175,69,0,0,1,0,1,5,5,1,1,3,0,1,5,2,1,17.96,8.98,109.29,13,3,22.53
2192768,71,1,4.57,1,158,60,0,0,1,0,0,4,4,1,0,4,1,1,3,2,1,16.52,8.26,137.24,13,2,24.03
13273139,59,1,4.58,0,165,63,0,0,0,0,0,5,5,1,1,4,1,0,3,2,2,15.65,12.45,145.38,17,6,23.14
1291748,55,0,4.58,1,166,63,1,1,1,0,0,3,1,1,1,4,1,1,2,2,2,19.1,10.06,92.5,14,3,22.86
5471857,65,0,4.59,1,172,76,1,0,0,0,1,4,3,1,1,4,0,0,6,2,1,16.52,7.38,57.66,15,2,25.69
13739466,51,0,4.6,0,166,65,0,0,0,0,1,5,5,1,1,4,0,0,6,2,1,17.79,8.94,85.51,17,2,23.59
2396245,63,0,4.6,1,171,73,0,0,1,0,1,4,3,1,1,4,1,0,6,2,1,16.49,8.87,98.99,15,2,24.96
2074698,50,0,4.61,0,166,65,0,0,1,0,0,5,4,1,0,3,0,0,5,2,0,17.01,6.47,104.96,18,4,23.59
1973599,63,0,4.62,1,172,77,0,1,0,0,1,3,2,1,1,4,1,0,6,2,1,11.9,7.5,115.45,15,2,26.03
13789002,62,1,4.64,0,161,64,0,0,0,0,1,5,5,1,1,4,0,0,5,2,2,17.42,11.43,68.44,17,3,24.69
12926783,55,1,4.64,0,164,56,0,0,0,0,1,5,5,1,1,4,0,1,6,2,1,15.36,7.08,53.23,19,5,20.82
734069,51,0,4.66,1,165,59,1,0,1,0,0,1,1,1,1,4,1,1,2,2,1,20.4,10.69,124.76,12,6,21.67
1392272,66,0,4.67,1,163,62,0,0,0,0,0,4,3,1,1,4,0,0,3,2,2,20.24,13.87,166.45,16,4,23.34
13140324,52,0,4.76,0,172,73,0,0,0,0,1,5,5,1,1,3,0,1,6,2,1,17.38,7.79,78.01,13,1,24.68
1388415,53,1,4.77,0,158,59,0,0,0,0,1,5,5,1,1,4,0,0,5,2,1,12.63,7.1,101.55,17,3,23.63
178996,65,0,4.77,1,171,72,0,1,0,0,1,3,3,1,1,4,1,0,7,2,1,12.6,9.18,57.93,15,2,24.62
1592597,55,0,4.8,1,185,83,1,1,0,0,1,2,5,1,1,4,1,0,6,2,1,14.86,12.11,134.38,13,1,24.25
1751380,61,0,4.82,1,186,79,0,0,1,0,0,5,1,1,1,3,1,1,6,2,2,20.87,14.39,190.17,14,0,22.84
2162692,67,1,4.84,1,170,72,0,0,1,0,1,4,3,1,1,3,1,0,6,2,1,17.38,7.08,89.02,15,2,24.91
1848535,53,0,4.86,1,160,71,0,0,0,0,0,5,3,1,1,4,1,1,6,2,1,17.01,6.9,124.32,15,3,27.73
824990,55,0,4.87,0,163,69,1,1,1,0,1,5,5,1,1,4,1,0,7,2,1,15.99,8.46,116.62,17,5,25.97
1672111,71,0,4.89,1,170,70,0,1,1,0,1,4,3,1,1,4,0,1,2,2,1,16.03,9.34,86.51,17,4,24.22
3930348,51,0,4.93,0,175,80,0,0,0,0,1,5,5,1,1,4,0,0,6,2,1,18.08,10.45,82.87,22,0,26.12
2537533,50,0,4.93,1,163,69,0,0,0,0,1,5,1,1,1,4,1,1,6,3,1,17.53,6.16,86.99,15,2,25.97
884062,68,0,4.94,0,160,86,0,0,1,0,1,5,5,1,1,5,1,0,6,2,1,15.27,6.4,46.47,18,1,33.59
678669,56,1,4.94,0,158,60,0,0,0,0,1,5,5,1,1,4,0,0,6,2,0,15.71,9,93.27,17,3,24.03
3374770,68,0,4.94,1,161,66,0,0,1,0,1,3,3,1,1,4,1,0,7,2,1,11.12,7.19,26.95,17,3,25.46
14399723,68,0,4.94,1,168,72,1,1,0,0,0,4,2,1,1,4,0,0,6,3,1,21.52,7.63,103.67,15,3,25.51
617692,61,0,4.95,0,165,70,1,1,1,0,1,5,5,1,1,4,1,0,6,2,1,16.08,5.98,67.99,18,2,25.71
2614250,37,0,4.97,0,177,70,0,0,0,0,0,4,4,1,1,3,0,1,4,2,1,16.78,8.88,118.69,9,0,22.34
13503226,56,0,5.01,1,175,80,0,1,0,0,0,5,5,1,1,3,1,0,7,3,0,11.84,6.96,13.98,17,0,26.12
59733,64,0,5.02,1,169,73,0,1,0,0,1,3,3,1,1,4,1,0,5,2,1,14.07,8.96,86.47,15,3,25.56
14882832,68,0,5.06,1,167,71,0,0,1,0,1,3,4,1,1,4,1,0,5,2,1,12.97,6.42,73.54,16,2,25.46
14682975,57,1,5.08,1,162,67,0,0,1,0,0,3,1,1,1,3,0,1,5,2,1,18.32,10.42,134.35,15,4,25.53
15036348,58,0,5.09,1,169,70,1,1,0,0,1,2,1,1,1,3,1,0,2,2,1,19.51,11.89,147.37,15,2,24.51
624629,57,0,5.14,0,166,70,0,0,1,0,1,5,5,1,1,5,1,0,5,2,1,17.06,14.14,129.36,16,5,25.4
658848,80,1,5.15,1,152,55,0,0,1,0,0,3,0,1,1,4,1,1,7,1,1,16.65,5.21,23.1,15,2,23.81
14582477,61,0,5.16,1,169,80,0,0,1,0,0,3,2,1,1,4,0,1,6,2,1,23.33,9.13,180.77,17,6,28.01
15361384,69,1,5.16,1,164,65,0,0,1,0,1,3,2,1,1,5,1,0,6,2,1,17.2,5.07,99.13,17,3,24.17
2581021,59,1,5.18,0,155,58,0,0,0,0,0,5,5,1,1,4,0,1,6,2,1,17.58,6.37,82.55,21,3,24.14
1080745,54,1,5.23,0,170,65,0,0,0,0,1,5,5,1,0,4,0,1,5,3,1,19.78,8.61,105.01,16,4,22.49
13874131,60,0,5.33,1,168,80,1,1,0,0,1,4,0,1,1,3,1,0,6,2,1,16.6,9.61,80.12,12,4,28.34
4581320,73,0,5.37,1,165,68,0,0,1,0,0,3,3,1,1,4,0,0,6,2,2,17.03,11.08,110.47,15,5,24.98
14373023,62,1,5.4,0,155,67,0,0,1,0,1,5,5,0,1,3,1,0,7,1,1,13.98,4.6,23.46,22,0,27.89
14232673,51,0,5.4,0,164,62,0,0,0,0,1,5,5,1,1,2,0,0,6,1,1,18.69,9.56,118.76,13,2,23.05
57999,64,0,5.4,1,180,75,1,1,0,1,1,3,3,1,1,4,0,0,4,2,2,15.25,9.51,66.41,16,0,23.15
1829618,70,1,5.41,0,167,70,0,0,0,1,0,5,4,1,0,4,0,0,6,2,1,17.01,6.14,51.09,18,5,25.1
3910035,41,0,5.48,1,179,80,1,1,1,0,0,5,2,1,1,4,1,1,5,2,1,19.91,9.1,120.52,17,3,24.97
1851595,71,1,5.53,0,153,48,0,0,1,0,0,5,4,1,1,5,1,1,5,2,1,18.87,8.03,89.49,16,4,20.5
1030428,63,0,5.54,1,163,62,0,0,0,0,1,4,3,1,1,4,0,0,2,2,2,18.18,16.83,203.86,17,4,23.34
4566276,47,0,5.57,0,179,87,0,0,0,0,1,5,5,1,1,4,0,1,6,2,0,17.41,7.31,97.71,16,0,27.15
1039875,48,0,5.6,0,168,68,0,0,0,0,1,5,5,1,1,4,0,0,6,3,1,17.96,11.86,79.09,15,2,24.09
3504837,40,1,5.61,0,158,46,0,0,0,0,0,4,4,1,0,3,0,1,5,3,1,17.92,9.54,123.33,15,1,18.43
646946,51,0,5.65,0,165,65,0,0,0,0,1,5,5,1,0,4,1,0,7,2,1,14.92,7.69,75.7,16,6,23.88
13111553,65,0,5.68,0,163,64,0,0,1,0,1,5,5,1,1,4,1,1,7,3,1,19.03,3.99,52.31,18,4,24.09
1840245,67,1,5.71,1,165,70,0,0,0,0,1,3,1,1,1,4,1,0,3,2,1,19.47,7.82,66.19,16,3,25.71
13271794,55,1,5.71,0,157,58,0,0,0,0,1,5,5,1,1,5,0,0,6,3,1,17.32,9.04,63.84,18,3,23.53
3530253,56,0,5.81,0,153,67,0,0,0,0,1,5,5,1,1,3,0,0,6,2,0,16.42,10.54,143.83,19,2,28.62
12945754,52,0,5.92,1,170,70,0,1,0,0,0,3,5,1,1,4,0,1,2,2,1,16.07,6.09,121.17,16,4,24.22
12941592,59,0,5.92,0,168,61,1,1,1,0,1,5,5,1,1,5,0,0,2,3,2,16.05,10.23,158.22,19,2,21.61
2187073,71,1,5.97,1,162,65,0,0,0,0,0,4,3,1,1,5,1,0,6,2,1,17.79,5.41,69.25,16,4,24.77
3100275,63,0,5.97,1,167,68,0,0,1,0,1,3,2,1,1,4,0,0,8,2,3,16.41,6.9,59.66,16,3,24.38
2973341,65,0,5.97,1,164,61,0,0,0,0,0,4,3,1,1,4,0,0,2,2,2,17.39,12.46,208.68,16,4,22.68
713499,69,1,6.01,1,156,67,0,0,1,1,1,5,4,1,1,4,1,1,6,3,1,13.7,8.48,57.43,17,1,27.53
13793144,56,0,6.01,0,164,64,0,0,0,0,1,5,5,1,1,4,0,0,3,2,1,18,9.32,124.8,18,1,23.8
13259903,67,0,6.06,1,180,75,0,0,0,0,0,0,0,1,1,4,1,1,2,2,1,17.39,8.93,120.44,13,3,23.15
600307,76,1,6.09,1,163,50,0,0,1,1,1,5,5,1,1,4,1,0,7,2,1,14.48,7.12,23.12,18,1,18.82
801430,51,0,6.09,1,169,75,1,1,0,0,1,5,2,1,1,4,0,1,2,2,1,14.66,11.56,111.67,18,1,26.26
1728208,72,0,6.11,1,174,75,0,0,1,0,0,5,5,1,1,4,0,0,5,2,1,13.5,9.15,83.02,18,0,24.77
14735570,51,1,6.13,0,160,65,0,0,0,0,1,5,5,1,0,3,0,0,2,2,1,17.54,10.12,103.95,21,1,25.39
276542,59,1,6.15,1,166,66,0,0,1,1,1,5,5,1,1,4,1,0,6,1,2,19.11,9.1,92.65,16,1,23.95
13264044,58,1,6.15,1,155,65,0,0,0,0,1,5,0,1,1,4,0,1,6,2,1,14.52,10.43,70.75,17,1,27.06
3936534,54,0,6.15,1,170,69,0,1,1,0,1,4,3,1,1,4,0,1,0,2,1,16.99,9.48,96.48,17,4,23.88
14941988,73,1,6.17,0,150,60,0,0,0,0,1,5,5,1,1,4,0,0,8,2,3,17.8,8.84,80.65,20,2,26.67
2264080,59,0,6.18,1,163,64,0,0,1,0,1,3,1,1,1,3,0,1,5,2,2,14.54,10.1,100.53,14,4,24.09
14395336,65,0,6.21,1,166,70,0,0,0,0,1,4,4,1,1,4,0,0,5,2,1,16.68,5.12,95.07,15,3,25.4
14497456,56,0,6.28,0,163,68,0,0,0,0,0,5,5,1,1,4,0,1,6,2,0,21.46,6.43,118.82,16,2,25.59
13840592,46,0,6.29,0,168,66,0,0,0,0,1,5,5,1,1,3,0,0,3,2,1,18.67,6.66,130.03,17,2,23.38
5502334,57,1,6.29,0,160,52,0,0,0,0,0,5,5,1,1,4,0,0,2,1,2,14.47,8.17,94.98,16,5,20.31
169945,71,0,6.3,1,173,75,0,1,1,0,0,4,3,1,0,4,0,1,6,2,1,16.13,9.63,113.93,19,3,25.06
5498714,74,0,6.31,1,156,70,0,1,1,0,0,4,3,1,1,4,1,0,5,1,1,15.86,8.2,91.62,17,6,28.76
13343007,85,0,6.32,0,160,64,0,0,0,0,1,5,5,1,1,4,0,1,7,3,1,15.04,1.93,60,18,3,25
1828734,67,0,6.34,1,180,75,0,0,1,0,1,4,0,0,1,4,1,0,6,2,0,17.4,8.95,98.46,18,1,23.15
186773,51,0,6.37,0,170,68,0,0,0,0,1,5,5,1,0,3,0,0,2,2,1,22.27,10.87,219.93,20,0,23.53
1893812,38,1,6.45,1,97,65,0,0,0,0,1,4,3,1,1,5,1,1,4,3,1,16.09,10.26,131.19,14,4,69.08
4629463,43,0,6.45,0,173,74,0,0,0,0,1,5,5,1,1,4,0,0,8,2,3,15.93,8.47,103.64,17,2,24.73
14680381,72,1,6.53,0,155,66,0,0,1,0,1,5,5,1,0,4,1,0,7,2,1,13.08,2.5,10.17,20,3,27.47
2073724,50,0,6.61,1,169,68,0,0,0,0,0,3,0,1,1,3,1,1,6,3,1,17.61,8.55,37.9,13,2,23.81
816097,72,1,6.62,1,162,65,0,0,1,0,1,3,2,1,1,4,1,0,6,2,1,20.56,5.7,60.14,17,3,24.77
3458205,57,1,6.63,0,163,54,0,0,0,0,1,5,5,1,1,4,0,0,8,2,3,15.57,8.68,87.6,19,6,20.32
1325352,64,0,6.67,1,170,73,1,1,0,0,0,4,2,1,1,3,0,0,6,2,1,18.25,9.84,77.1,15,3,25.26
14775741,68,0,6.67,1,167,65,0,0,0,0,1,4,3,1,1,3,0,0,2,2,1,17.94,12.88,126.56,17,3,23.31
3116227,60,0,6.69,0,168,73,0,0,0,0,1,5,5,1,1,4,0,1,6,3,0,17.14,8,84.86,16,2,25.86
1958549,55,0,6.73,0,169,66,0,0,1,0,1,5,5,1,1,4,0,1,6,2,1,18.16,7.8,128.79,16,3,23.11
3011487,67,0,6.78,1,166,67,0,0,0,0,1,4,3,1,1,5,0,0,6,2,1,20,10.03,127.72,15,3,24.31
1718963,56,1,6.8,1,161,63,0,0,1,0,1,3,1,1,1,3,0,1,5,2,1,19.43,7.13,96.83,14,4,24.3
13462552,45,0,6.82,1,171,80,0,0,0,0,1,5,0,1,1,5,1,1,7,3,1,19.59,4.4,45.33,17,1,27.36
917262,53,0,6.87,1,160,56,0,0,0,0,1,0,0,1,1,5,0,1,6,3,1,18.1,9.41,82.76,8,7,21.87
1874662,70,0,6.94,1,159,63,1,1,1,0,0,5,4,1,1,5,1,1,5,2,1,17.29,7.07,67.44,16,0,24.92
400230,34,1,7.01,1,169,70,0,0,0,0,0,5,4,1,1,4,0,1,1,2,1,22.56,9.04,210.41,17,1,24.51
2158706,57,0,7.01,0,166,71,0,0,0,0,1,5,5,1,1,4,1,0,5,2,1,18.12,7.67,96.02,18,4,25.77
1995187,70,0,7.05,1,173,71,0,0,1,0,1,4,3,1,1,4,0,0,6,3,1,10.48,5.51,33.28,15,1,23.72
9724,57,0,7.05,0,162,62,1,1,1,1,1,5,5,1,1,5,1,0,7,2,1,17.98,6.21,72.53,13,6,23.62
14900118,43,0,7.14,1,168,70,0,0,0,0,1,3,2,1,1,5,0,1,6,3,1,18.81,5.12,98.45,11,4,24.8
2413884,43,0,7.2,1,168,65,0,0,0,0,1,3,3,1,1,5,0,1,2,3,1,18.3,12.08,137.41,12,3,23.03
14810922,71,1,7.2,1,163,66,0,0,1,0,1,3,3,1,1,4,1,0,7,3,1,15.34,6.96,16.18,17,3,24.84
14812571,64,0,7.21,0,163,74,0,0,1,0,1,5,5,1,1,4,1,0,6,2,1,16.14,6.08,71.88,18,4,27.85
1944881,56,0,7.32,0,168,66,0,0,1,0,1,5,5,1,1,4,0,1,5,2,1,18.71,8.3,117.31,17,3,23.38
2168984,83,0,7.33,1,170,67,0,0,1,0,0,5,3,1,1,5,0,0,6,2,1,16.08,8.82,105.74,16,3,23.18
774524,63,0,7.33,1,175,90,1,1,0,0,0,5,0,1,1,4,0,0,6,2,2,17.78,8.39,79.18,18,0,29.39
650108,57,0,7.47,1,160,56,0,0,1,0,0,2,0,1,1,3,0,1,7,2,1,19.87,13.56,116.06,9,7,21.87
13618832,47,0,7.49,0,170,64,0,0,0,0,1,5,5,1,1,3,0,1,2,2,2,17.31,9.34,140.09,16,3,22.15
15183091,53,1,7.51,0,165,72,0,0,0,0,1,5,5,1,1,3,1,0,5,2,1,18.55,10.38,95.98,16,1,26.45
14299572,48,0,7.51,0,173,76,1,0,0,0,1,5,5,1,1,4,0,1,6,2,1,19.09,11.43,74.68,14,2,25.39
2486297,77,0,7.58,0,165,53,0,0,1,0,0,5,5,1,0,3,1,1,6,2,2,15.09,5.42,60.06,20,2,19.47
2119028,58,1,7.69,0,155,52,0,0,0,0,0,4,5,1,1,3,1,0,6,2,0,16.55,8.81,94.46,11,2,21.64
1640495,80,0,7.7,1,168,75,0,0,1,0,0,3,3,1,1,4,1,0,7,2,2,13.62,5.9,29.95,18,0,26.57
64230,59,1,7.75,0,150,50,0,0,0,0,1,5,5,1,1,4,0,0,3,2,0,17.3,7.94,92.99,20,1,22.22
14960203,61,0,7.78,1,162,64,0,0,1,0,1,3,1,1,1,3,0,1,6,2,1,13.45,7.82,43.53,14,4,24.39
14219639,69,1,7.81,1,166,69,0,0,1,0,1,4,2,1,1,4,1,0,6,2,1,17.74,7.33,80.22,15,3,25.04
2572839,61,0,7.88,1,164,68,0,0,0,0,1,5,1,1,1,4,1,1,7,3,1,16.82,7.71,83.01,15,2,25.28
13092516,65,0,7.9,0,163,62,0,0,1,0,0,5,5,1,1,4,1,1,6,3,1,19.56,7.98,44.29,18,3,23.34
2496575,73,0,7.9,1,171,73,0,0,0,0,1,4,2,1,1,5,0,0,7,3,2,14.16,3.26,15.5,17,1,24.96
13909971,57,0,7.94,0,164,65,0,0,0,0,1,5,5,1,1,3,0,0,6,2,1,16.68,6.11,56.79,18,3,24.17
1091133,69,0,7.95,1,172,77,1,0,0,0,0,4,3,1,1,4,0,0,7,2,1,16.69,4.69,17.25,15,2,26.03
709489,53,0,8.01,0,169,67,1,0,0,1,0,5,5,1,1,4,1,1,2,2,2,21.83,9.85,216.36,19,2,23.46
14805154,59,1,8.01,1,162,66,0,0,1,0,1,4,2,1,1,5,0,1,5,2,1,17.67,9.86,113.53,16,4,25.15
13957881,49,1,8.01,1,158,56,0,1,0,1,1,5,3,0,1,4,0,0,5,2,1,17.75,10.91,102.01,19,4,22.43
5923716,50,0,8.02,0,158,64,0,0,0,0,1,5,5,1,1,3,0,0,6,2,1,16.89,11.49,148.36,15,2,25.64
1346429,59,0,8.05,1,173,60,0,0,1,0,0,5,3,1,1,4,0,1,5,2,2,17.75,7.14,87.93,15,5,20.05
14851623,59,0,8.07,1,104,69,0,0,1,0,0,3,2,1,1,4,1,1,5,2,1,17.98,10.69,123.15,14,4,63.79
14198840,53,0,8.08,1,162,72,0,1,0,0,1,2,2,1,1,4,1,0,7,2,1,12.62,8.26,34.73,16,4,27.43
2414872,51,0,8.08,0,169,70,0,0,0,0,1,5,5,1,1,5,0,0,2,2,2,19.75,14.91,194.34,20,1,24.51
14021595,53,0,8.17,1,150,60,0,0,0,0,1,5,3,1,1,4,1,1,6,2,1,15.22,4.75,53.83,18,4,26.67
13756983,58,1,8.21,0,169,62,0,0,0,0,0,5,5,1,1,3,0,1,2,2,1,18.77,10.27,161.17,15,4,21.71
502096,54,0,8.27,0,167,71,0,0,0,0,1,5,5,1,1,4,1,0,4,2,0,15.67,9.08,84.26,18,4,25.46
595768,59,0,8.32,0,163,76,0,0,0,0,1,5,5,1,0,4,0,1,7,3,1,20.27,3.05,39.45,18,3,28.6
1117247,59,0,8.36,1,166,56,0,0,0,0,1,3,0,0,0,4,0,0,8,2,3,15.95,7.32,69.88,17,1,20.32
13558657,44,0,8.41,1,165,73,0,0,0,0,1,4,3,1,1,5,1,1,6,3,1,24.41,8.58,90.52,17,4,26.81
13089468,49,0,8.41,0,165,65,0,0,0,0,1,5,5,1,1,4,0,0,5,2,2,15.07,8.32,148.66,17,3,23.88
904796,42,0,8.52,1,166,70,0,0,0,0,1,3,2,1,1,5,0,1,5,3,1,16.85,7.61,102,11,4,25.4
4457287,62,0,8.66,0,165,61,0,0,1,0,0,5,5,1,1,4,1,1,5,2,1,20.02,10.99,143.22,19,3,22.41
14559564,44,0,8.72,0,175,70,1,1,0,0,1,5,5,1,1,3,0,1,2,3,1,21.56,8.75,170.15,21,0,22.86
1523614,61,1,8.76,1,160,55,0,0,1,0,0,4,4,1,1,3,0,1,7,3,1,20.57,4.07,61.32,17,3,21.48
15184581,62,0,8.79,0,168,62,1,0,1,0,0,5,5,1,1,3,1,1,6,2,0,16,5.41,93.81,18,6,21.97
14238466,52,0,8.91,0,176,72,1,1,0,0,1,5,5,1,1,3,0,0,2,2,0,17.41,7.59,122.56,20,2,23.24
2428649,64,1,8.96,0,160,60,0,0,0,0,1,5,5,1,1,4,0,0,6,1,1,17.08,3.48,44.46,18,3,23.44
14476245,48,0,9.11,0,172,63,0,0,0,0,1,5,5,1,1,3,0,1,2,2,2,19.28,11.81,123.65,16,3,21.3
6020665,68,1,10.43,0,159,60,0,0,0,0,1,5,5,1,1,4,0,0,5,1,1,19.15,8.48,93.21,21,2,23.73
1237803,48,0,10.63,0,159,64,0,0,0,0,1,5,5,1,1,5,0,1,6,3,1,13.98,5.98,60.74,18,3,25.32
1538735,60,1,10.75,0,160,59,0,0,0,0,0,5,5,1,1,4,0,1,6,2,1,14.27,8.77,40.2,19,6,23.05
1707461,54,1,10.92,0,156,59,0,0,0,0,1,5,5,1,1,4,0,0,7,3,1,16.32,4.76,38.2,17,3,24.24
69181,63,0,11.87,0,170,75,0,0,0,0,0,5,5,1,1,3,0,0,3,2,1,22.38,15.96,247.24,19,0,25.95
15180622,60,0,12.28,0,172,71,1,0,1,0,1,5,5,1,1,4,1,0,3,2,1,20.62,13.28,144.43,17,5,24
3040778,52,0,13.48,0,163,70,0,0,1,0,1,5,5,1,0,4,0,0,6,1,0,20.15,7.01,80.68,22,2,26.35
382513,48,0,14.63,0,172,80,0,1,0,0,0,5,5,1,1,4,1,0,5,2,1,17.73,7.61,110.6,21,3,27.04